region,mape,n_test
PL-Central,8.55023537980341,3
PL-North,8.887612953249334,3
PL-South,5.781145077444324,3
